{"overpass": {"HickoryHlw": [7319.85302734375, 7491.74560546875], "OldFranklin": [11506.7958984375, 11552.615234375], "OldHickory": [19842.990234375, 20024.341796875]}, "poles": {"1": [378.8039855957031, -79.6611557006836], "2": [912.5767211914062, -78.7955093383789], "3": [1434.28173828125, -76.82555389404297], "4": [1949.9732666015625, -78.0802230834961], "5": [2555.475830078125, -89.76869201660156], "6": [3100.287841796875, -88.09815216064453], "7": [3660.6943359375, -87.85542297363281], "8": [4247.1044921875, -83.73783874511719], "9": [4716.9921875, -94.03759765625], "10": [5277.64990234375, -91.14388275146484], "11": [5835.76318359375, -95.77135467529297], "12": [6441.30810546875, -97.11473083496094], "13": [7051.89208984375, -111.620849609375], "14": [7594.63623046875, -82.54766082763672], "15": [8068.4619140625, -101.39952850341797], "16": [8558.423828125, -94.44336700439453], "17": [9052.123046875, -84.2845687866211], "18": [9592.755859375, -80.54489135742188], "19": [10111.353515625, -83.9917221069336], "20": [10688.2724609375, -87.47586059570312], "21": [11270.568359375, -80.37024688720703], "22": [11951.4443359375, -84.70301055908203], "23": [12456.3388671875, -83.59941864013672], "24": [12982.4404296875, -83.22437286376953], "25": [13448.845703125, -84.42831420898438], "26": [13934.7607421875, -84.66749572753906], "27": [14609.1259765625, -86.9100570678711], "28": [15028.9833984375, -90.35247802734375], "29": [15641.9365234375, -94.7547836303711], "30": [16211.9716796875, -98.2702865600586], "31": [16695.3671875, -91.40383911132812], "32": [17247.96484375, -94.33454895019531], "33": [17816.3828125, -94.56743621826172], "34": [18378.818359375, -101.06793975830078], "35": [18868.271484375, -109.30281829833984], "36": [19253.59375, -76.22689056396484], "37": [19687.17578125, -77.57852172851562], "38": [20161.294921875, -82.37860870361328], "39": [20767.349609375, -90.87726593017578], "40": [21319.7421875, -81.0619888305664], "46": [24871.201171875, 82.22636413574219], "47": [25381.390625, 80.08341217041016], "48": [25911.61328125, 79.42508697509766]}, "underpass": {"BellRd": [3758.647216796875, 3947.118896484375], "MillCreek": [-23.405433654785156, -239.9263153076172]}}